{"_step":73,"_wandb":{"runtime":1564},"_runtime":1564,"Training Loss":0.8869608905580308,"Testing Loss":1.3226292133331299,"_timestamp":1.76910509075795e+09}